customer_id,name,email,signup_date,region,tier
CUST001,Alice Johnson,alice.j@email.com,2023-06-15,North,Silver
CUST002,Bob Smith,bob.smith@email.com,2023-07-22,South,Bronze
CUST003,Carol Davis,carol.d@email.com,2023-08-10,East,Gold
CUST004,David Wilson,david.w@email.com,2023-09-03,West,Silver
CUST005,Emma Brown,emma.b@email.com,2023-10-14,North,Bronze
CUST006,Frank Miller,frank.m@email.com,2023-11-05,South,Silver
CUST007,Grace Lee,grace.l@email.com,2023-12-01,East,Gold
CUST008,Henry Taylor,henry.t@email.com,2024-01-08,West,Bronze
CUST009,Iris White,iris.w@email.com,2024-01-20,North,Silver
CUST010,Jack Anderson,jack.a@email.com,2024-02-05,South,Gold
CUST011,Karen Thomas,karen.t@email.com,2024-02-18,East,Bronze
CUST012,Leo Jackson,leo.j@email.com,2024-03-12,West,Silver
CUST013,Maria Garcia,maria.g@email.com,2024-03-25,North,Silver
CUST014,Nathan Harris,nathan.h@email.com,2024-04-07,South,Bronze
CUST015,Olivia Martin,olivia.m@email.com,2024-04-22,East,Gold
CUST016,Paul Rodriguez,paul.r@email.com,2024-05-03,West,Silver
CUST017,Quinn Davis,quinn.d@email.com,2024-05-15,North,Bronze
CUST018,Rachel Lewis,rachel.l@email.com,2024-05-28,South,Silver
CUST019,Samuel Clark,samuel.c@email.com,2024-06-10,East,Silver
CUST020,Tanya Martinez,tanya.m@email.com,2024-06-23,West,Gold
CUST021,Uma Patel,uma.p@email.com,2024-07-05,North,Silver
CUST022,Victor Chen,victor.c@email.com,2024-07-18,South,Bronze
CUST023,Wendy Kim,wendy.k@email.com,2024-08-01,East,Silver
CUST024,Xavier Bell,xavier.b@email.com,2024-08-14,West,Silver
CUST025,Yara Ahmed,yara.a@email.com,2024-08-27,North,Gold
CUST026,Zachary Brown,zachary.b@email.com,2024-09-09,South,Bronze
CUST027,Amy Foster,amy.f@email.com,2024-09-22,East,Silver
CUST028,Blake Moore,blake.m@email.com,2024-10-05,West,Silver
CUST029,Chloe Taylor,chloe.t@email.com,2024-10-18,North,Bronze
CUST030,Dylan Scott,dylan.s@email.com,2024-10-31,South,Silver
CUST031,Ella Green,ella.g@email.com,2024-11-13,East,Gold
CUST032,Felix Young,felix.y@email.com,2024-11-26,West,Bronze
CUST033,Gina Hall,gina.h@email.com,2024-12-08,North,Silver
CUST034,Henry King,henry.k@email.com,2024-12-21,South,Silver
CUST035,Iris Wright,iris.wr@email.com,2024-01-15,East,Bronze
CUST036,Jack Lopez,jack.l@email.com,2024-02-28,West,Gold
CUST037,Karen Hill,karen.h@email.com,2024-03-14,North,Silver
CUST038,Leo Scott,leo.sc@email.com,2024-04-01,South,Bronze
CUST039,Maria Allen,maria.a@email.com,2024-05-10,East,Silver
CUST040,Nathan Baker,nathan.ba@email.com,2024-06-05,West,Silver
CUST041,Olivia Nelson,olivia.n@email.com,2024-07-12,North,Gold
CUST042,Paul Carter,paul.c@email.com,2024-08-08,South,Bronze
CUST043,Quinn Mitchell,quinn.m@email.com,2024-09-01,East,Silver
CUST044,Rachel Perez,rachel.p@email.com,2024-10-10,West,Silver
CUST045,Samuel Roberts,samuel.r@email.com,2024-11-02,North,Bronze
CUST046,Tanya Phillips,tanya.ph@email.com,2024-11-15,South,Gold
CUST047,Uma Campbell,uma.c@email.com,2024-12-01,East,Silver
CUST048,Victor Parker,victor.p@email.com,2024-12-14,West,Bronze
CUST049,Wendy Evans,wendy.e@email.com,2024-01-05,North,Silver
CUST050,Xavier Edwards,xavier.e@email.com,2024-02-10,South,Silver
CUST051,Yara Collins,yara.c@email.com,2024-03-20,East,Gold
CUST052,Zachary Reeves,zachary.r@email.com,2024-04-15,West,Bronze
CUST053,Amy Morris,amy.m@email.com,2024-05-25,North,Silver
CUST054,Blake Rogers,blake.r@email.com,2024-06-18,South,Silver
CUST055,Chloe Reed,chloe.r@email.com,2024-07-30,East,Bronze
CUST056,Dylan Cook,dylan.c@email.com,2024-08-22,West,Gold
CUST057,Ella Morgan,ella.mo@email.com,2024-09-14,North,Silver
CUST058,Felix Bell,felix.b@email.com,2024-10-27,South,Bronze
CUST059,Gina Murphy,gina.m@email.com,2024-11-09,East,Silver
CUST060,Henry Bailey,henry.ba@email.com,2024-12-03,West,Silver
CUST061,Iris Rivera,iris.r@email.com,2024-01-25,North,Gold
CUST062,Jack Cooper,jack.c@email.com,2024-02-19,South,Bronze
CUST063,Karen Richardson,karen.r@email.com,2024-03-28,East,Silver
CUST064,Leo Cox,leo.c@email.com,2024-04-10,West,Silver
CUST065,Maria Howard,maria.h@email.com,2024-05-22,North,Bronze
CUST066,Nathan Ward,nathan.w@email.com,2024-06-30,South,Gold
CUST067,Olivia Torres,olivia.t@email.com,2024-07-24,East,Silver
CUST068,Paul Peterson,paul.p@email.com,2024-08-18,West,Bronze
CUST069,Quinn Gray,quinn.g@email.com,2024-09-29,North,Silver
CUST070,Rachel Ramirez,rachel.r@email.com,2024-10-12,South,Silver
CUST071,Samuel James,samuel.j@email.com,2024-11-20,East,Gold
CUST072,Tanya Watson,tanya.w@email.com,2024-12-11,West,Bronze
CUST073,Uma Brooks,uma.br@email.com,2024-01-17,North,Silver
CUST074,Victor Kelly,victor.k@email.com,2024-02-26,South,Bronze
CUST075,Wendy Sanders,wendy.s@email.com,2024-03-31,East,Silver
CUST076,Xavier Bennett,xavier.bn@email.com,2024-04-23,West,Silver
CUST077,Yara Wood,yara.w@email.com,2024-05-18,North,Gold
CUST078,Zachary Barnes,zachary.ba@email.com,2024-06-25,South,Silver
CUST079,Amy Ross,amy.r@email.com,2024-07-19,East,Bronze
CUST080,Blake Henderson,blake.h@email.com,2024-08-31,West,Silver
CUST081,Chloe Coleman,chloe.c@email.com,2024-09-11,North,Silver
CUST082,Dylan Jenkins,dylan.j@email.com,2024-10-09,South,Bronze
CUST083,Ella Perry,ella.p@email.com,2024-11-07,East,Gold
CUST084,Felix Powell,felix.p@email.com,2024-12-06,West,Bronze
CUST085,Gina Long,gina.l@email.com,2024-01-28,North,Silver
CUST086,Henry Patterson,henry.pa@email.com,2024-02-14,South,Silver
CUST087,Iris Hughes,iris.h@email.com,2024-03-24,East,Bronze
CUST088,Jack Flores,jack.f@email.com,2024-04-20,West,Gold
CUST089,Karen Washington,karen.w@email.com,2024-05-30,North,Silver
CUST090,Leo Butler,leo.bu@email.com,2024-06-16,South,Bronze
CUST091,Maria Simmons,maria.s@email.com,2024-07-26,East,Silver
CUST092,Nathan Foster,nathan.f@email.com,2024-08-19,West,Silver
CUST093,Olivia Gonzales,olivia.g@email.com,2024-09-07,North,Gold
CUST094,Paul Bryant,paul.b@email.com,2024-10-04,South,Bronze
CUST095,Quinn Alexander,quinn.a@email.com,2024-10-29,East,Silver
CUST096,Rachel Russell,rachel.ru@email.com,2024-11-18,West,Silver
CUST097,Samuel Griffin,samuel.g@email.com,2024-12-09,North,Bronze
CUST098,Tanya Hayes,tanya.h@email.com,2024-01-12,South,Gold
CUST099,Uma Myers,uma.m@email.com,2024-02-09,East,Silver
CUST100,Victor Ford,victor.f@email.com,2024-03-03,West,Bronze
